{"train/loss": 3.3413, "train/learning_rate": 0.0, "train/rewards/chosen": -0.08387959003448486, "train/rewards/rejected": -0.09054400026798248, "train/rewards/accuracies": 0.5, "train/rewards/margins": 0.006664421409368515, "train/logps/rejected": -0.9054399728775024, "train/logps/chosen": -0.8387957811355591, "train/logits/rejected": -1.3246513605117798, "train/logits/chosen": 1.3275492191314697, "train/nll_loss": 3.2733960151672363, "train/log_odds_ratio": -0.6795343160629272, "train/log_odds_chosen": 0.16121239960193634, "train/epoch": 0.9992144540455616, "train/global_step": 795, "_timestamp": 1717648002.4585412, "_runtime": 10250.142439126968, "_step": 802, "eval/loss": 3.4723799228668213, "eval/runtime": 31.537, "eval/samples_per_second": 4.09, "eval/steps_per_second": 2.061, "eval/rewards/chosen": -0.0833212286233902, "eval/rewards/rejected": -0.09461098909378052, "eval/rewards/accuracies": 0.5, "eval/rewards/margins": 0.01128976047039032, "eval/logps/rejected": -0.9461098909378052, "eval/logps/chosen": -0.8332122564315796, "eval/logits/rejected": -1.6313520669937134, "eval/logits/chosen": -0.6555788516998291, "eval/nll_loss": 3.3835971355438232, "eval/log_odds_ratio": -0.6829768419265747, "eval/log_odds_chosen": 0.29520028829574585, "train_runtime": 10159.351, "train_samples_per_second": 1.253, "train_steps_per_second": 0.078, "total_flos": 0.0, "train_loss": 3.6633688842725456, "_wandb": {"runtime": 10289}}