{"train/loss": 0.0607, "train/learning_rate": 2.485181253506424e-06, "train/rewards/chosen": -0.9725043177604675, "train/rewards/rejected": -5.617186069488525, "train/rewards/accuracies": 1.0, "train/rewards/margins": 4.644681453704834, "train/logps/rejected": -253.10549926757812, "train/logps/chosen": -218.0783233642578, "train/logits/rejected": -0.7423095703125, "train/logits/chosen": -0.554253101348877, "train/epoch": 0.5014925373134328, "train/global_step": 399, "_timestamp": 1717603138.2626324, "_runtime": 6034.595244407654, "_step": 401, "eval/loss": 0.0981462225317955, "eval/runtime": 53.2647, "eval/samples_per_second": 2.422, "eval/steps_per_second": 1.22, "eval/rewards/chosen": -1.0840331315994263, "eval/rewards/rejected": -5.641590118408203, "eval/rewards/accuracies": 0.9692307710647583, "eval/rewards/margins": 4.557557106018066, "eval/logps/rejected": -266.537841796875, "eval/logps/chosen": -201.7772979736328, "eval/logits/rejected": -1.0772348642349243, "eval/logits/chosen": -1.0794084072113037, "_wandb": {"runtime": 6039}}