{"train/loss": 3.1003, "train/learning_rate": 0.0, "train/rewards/chosen": -0.10057373344898224, "train/rewards/rejected": -0.10410722345113754, "train/rewards/accuracies": 0.5, "train/rewards/margins": 0.0035334830172359943, "train/logps/rejected": -1.041072130203247, "train/logps/chosen": -1.0057373046875, "train/logits/rejected": -0.15591643750667572, "train/logits/chosen": -0.001900854054838419, "train/nll_loss": 3.0276145935058594, "train/log_odds_ratio": -0.7270187139511108, "train/log_odds_chosen": 0.1713373363018036, "train/epoch": 0.9992144540455616, "train/global_step": 795, "_timestamp": 1717925621.3186786, "_runtime": 10931.861382722855, "_step": 802, "eval/loss": 4.147241592407227, "eval/runtime": 33.2673, "eval/samples_per_second": 3.878, "eval/steps_per_second": 1.954, "eval/rewards/chosen": -0.09831484407186508, "eval/rewards/rejected": -0.09673761576414108, "eval/rewards/accuracies": 0.4615384638309479, "eval/rewards/margins": -0.001577230403199792, "eval/logps/rejected": -0.9673761129379272, "eval/logps/chosen": -0.983148455619812, "eval/logits/rejected": -0.217906653881073, "eval/logits/chosen": -0.1674785017967224, "eval/nll_loss": 4.073254585266113, "eval/log_odds_ratio": -0.793295681476593, "eval/log_odds_chosen": 0.07368230819702148, "train_runtime": 10894.3595, "train_samples_per_second": 1.168, "train_steps_per_second": 0.073, "total_flos": 0.0, "train_loss": 3.5292155142850095, "_wandb": {"runtime": 10976}}