{"train/loss": 0.1668, "train/learning_rate": 4.912886264639201e-06, "train/rewards/chosen": -0.7423768639564514, "train/rewards/rejected": -3.1561083793640137, "train/rewards/accuracies": 1.0, "train/rewards/margins": 2.413731813430786, "train/logps/rejected": -238.1092071533203, "train/logps/chosen": -262.4100341796875, "train/logits/rejected": -3.1112101078033447, "train/logits/chosen": -2.9730732440948486, "train/epoch": 0.08421052631578947, "train/global_step": 67, "_timestamp": 1717596842.67819, "_runtime": 1023.6781001091003, "_step": 66, "_wandb": {"runtime": 1033}}