{"train/loss": 3.4487, "train/learning_rate": 0.0, "train/rewards/chosen": -0.11125778406858444, "train/rewards/rejected": -0.08230400830507278, "train/rewards/accuracies": 0.5, "train/rewards/margins": -0.028953786939382553, "train/logps/rejected": -0.8230400681495667, "train/logps/chosen": -1.1125777959823608, "train/logits/rejected": -0.04310380667448044, "train/logits/chosen": 0.09417162090539932, "train/nll_loss": 3.3474130630493164, "train/log_odds_ratio": -1.0126945972442627, "train/log_odds_chosen": -0.3759945333003998, "train/epoch": 0.9992144540455616, "train/global_step": 795, "_timestamp": 1717710466.1070766, "_runtime": 10255.85136771202, "_step": 802, "eval/loss": 4.731069564819336, "eval/runtime": 30.412, "eval/samples_per_second": 4.242, "eval/steps_per_second": 2.137, "eval/rewards/chosen": -0.11017891764640808, "eval/rewards/rejected": -0.0852000042796135, "eval/rewards/accuracies": 0.33076924085617065, "eval/rewards/margins": -0.024978913366794586, "eval/logps/rejected": -0.8520000576972961, "eval/logps/chosen": -1.101789116859436, "eval/logits/rejected": -0.2837236225605011, "eval/logits/chosen": -0.2585110366344452, "eval/nll_loss": 4.63090181350708, "eval/log_odds_ratio": -0.962036669254303, "eval/log_odds_chosen": -0.3355138599872589, "train_runtime": 10219.2421, "train_samples_per_second": 1.246, "train_steps_per_second": 0.078, "total_flos": 0.0, "train_loss": 3.952548952522518, "_wandb": {"runtime": 10282}}