{"train/loss": 3.2237, "train/learning_rate": 0.0, "train/rewards/chosen": -0.09204176068305969, "train/rewards/rejected": -0.09291011840105057, "train/rewards/accuracies": 0.5, "train/rewards/margins": 0.0008683700580149889, "train/logps/rejected": -0.9291012287139893, "train/logps/chosen": -0.9204175472259521, "train/logits/rejected": -0.886945366859436, "train/logits/chosen": -0.6068150997161865, "train/nll_loss": 3.1528563499450684, "train/log_odds_ratio": -0.7083612680435181, "train/log_odds_chosen": 0.17640411853790283, "train/epoch": 0.9992144540455616, "train/global_step": 795, "_timestamp": 1717685154.6270711, "_runtime": 10382.901604175568, "_step": 802, "eval/loss": 3.973914861679077, "eval/runtime": 32.5378, "eval/samples_per_second": 3.965, "eval/steps_per_second": 1.998, "eval/rewards/chosen": -0.10846085101366043, "eval/rewards/rejected": -0.09932195395231247, "eval/rewards/accuracies": 0.3461538553237915, "eval/rewards/margins": -0.009138887748122215, "eval/logps/rejected": -0.9932195544242859, "eval/logps/chosen": -1.0846084356307983, "eval/logits/rejected": -1.029730200767517, "eval/logits/chosen": -1.004408359527588, "eval/nll_loss": 3.880657196044922, "eval/log_odds_ratio": -0.823612630367279, "eval/log_odds_chosen": -0.07938067615032196, "train_runtime": 10344.679, "train_samples_per_second": 1.231, "train_steps_per_second": 0.077, "total_flos": 0.0, "train_loss": 3.566959270741205, "_wandb": {"runtime": 10406}}