{"train/loss": 0.0009, "train/learning_rate": 9.094868437503094e-07, "train/rewards/chosen": -0.8016455769538879, "train/rewards/rejected": -11.2780179977417, "train/rewards/accuracies": 1.0, "train/rewards/margins": 10.476372718811035, "train/logps/rejected": -282.37091064453125, "train/logps/chosen": -185.65057373046875, "train/logits/rejected": -0.3954530358314514, "train/logits/chosen": -0.2928568124771118, "train/epoch": 0.7189316575019639, "train/global_step": 572, "_timestamp": 1717940443.9477582, "_runtime": 14401.990723133087, "_step": 576, "eval/loss": 0.0111050084233284, "eval/runtime": 86.5922, "eval/samples_per_second": 1.49, "eval/steps_per_second": 0.751, "eval/rewards/chosen": -0.9920181035995483, "eval/rewards/rejected": -11.436440467834473, "eval/rewards/accuracies": 1.0, "eval/rewards/margins": 10.444422721862793, "eval/logps/rejected": -294.65972900390625, "eval/logps/chosen": -231.9459228515625, "eval/logits/rejected": -0.6394935250282288, "eval/logits/chosen": -0.6581933498382568}