{"train/loss": 3.2825, "train/learning_rate": 9.235944287207977e-08, "train/rewards/chosen": -0.08886450529098511, "train/rewards/rejected": -0.08846254646778107, "train/rewards/accuracies": 0.4375, "train/rewards/margins": -0.0004019518382847309, "train/logps/rejected": -0.8846254348754883, "train/logps/chosen": -0.8886449337005615, "train/logits/rejected": -0.7136257886886597, "train/logits/chosen": -0.5420073866844177, "train/nll_loss": 3.2066376209259033, "train/log_odds_ratio": -0.7589020729064941, "train/log_odds_chosen": 0.11927526444196701, "train/epoch": 0.9124901806755695, "train/global_step": 726, "_timestamp": 1717674134.5039973, "_runtime": 10981.652748346329, "_step": 732, "eval/loss": 3.768249750137329, "eval/runtime": 65.5309, "eval/samples_per_second": 1.969, "eval/steps_per_second": 0.992, "eval/rewards/chosen": -0.10198831558227539, "eval/rewards/rejected": -0.0964842215180397, "eval/rewards/accuracies": 0.3769230842590332, "eval/rewards/margins": -0.005504090338945389, "eval/logps/rejected": -0.9648422002792358, "eval/logps/chosen": -1.019883155822754, "eval/logits/rejected": -0.9463469386100769, "eval/logits/chosen": -0.9002520442008972, "eval/nll_loss": 3.68453049659729, "eval/log_odds_ratio": -0.7914511561393738, "eval/log_odds_chosen": -0.0017530734185129404}